Company,Location,Position,URL
액스,서울 서초구,백엔드 개발자(인턴십)의 전체 세부 정보,https://kr.indeed.com/rc/clk?jk=b7223c792bfcbcd4&fccid=5013eca338141e7d&vjs=3
KB데이타시스템,서울 마포구,그룹공동 마이데이터 분석 플랫폼(데이터분석가)의 전체 세부 정보,https://kr.indeed.com/rc/clk?jk=25b3c3e6a66bd77c&fccid=fe227fbd2afb9580&vjs=3
블록스퀘어서울,서울 서초구,데이터분석 신입/경력 정규직의 전체 세부 정보,https://kr.indeed.com/rc/clk?jk=88960e11c2cdd682&fccid=72348558bd9456ba&vjs=3
GS칼텍스,서울 강남구,2023년 DIgital Lab 전문계약직 상시의 전체 세부 정보,https://kr.indeed.com/rc/clk?jk=2e45e43017a6ea1f&fccid=f152288f3dcf6e51&vjs=3
베이리스,성남 수정구,딥러닝 AI 개발 연구원의 전체 세부 정보,https://kr.indeed.com/rc/clk?jk=87309d3ff40ead61&fccid=ce871e9e4a9f430a&vjs=3
메이저 금융그룹 연구소,서울,[메이저 금융그룹 연구소] Data Scientist 경력직 연구원 포지션의 전체 세부 정보,https://kr.indeed.com/company/%EB%8D%94-%ED%9C%B4%EB%A8%BC/jobs/%EC%97%B0%EA%B5%AC%EC%86%8C-%EC%97%B0%EA%B5%AC%EC%9B%90-f8a5bc05f47465f8?fccid=3cfe13845f73c09f&vjs=3
써로마인드로보틱스,서울 관악구,기술 인턴 인공지능 응용 연구/개발 인턴의 전체 세부 정보,https://kr.indeed.com/rc/clk?jk=71c47ac87bb4087e&fccid=230e414668234579&vjs=3
AIA,서울,Data & Reporting Analyst의 전체 세부 정보,https://kr.indeed.com/rc/clk?jk=f15d2672714490bf&fccid=004041685e219574&vjs=3
Iknal Semikan,서울,Engineering internship in Sweden!의 전체 세부 정보,https://kr.indeed.com/rc/clk?jk=73f84a6025e969d5&fccid=1c1f99bc5683e9f2&vjs=3
Scanline VFX,서울,Render Assistant \u007C 랜더 어시스던트의 전체 세부 정보,https://kr.indeed.com/rc/clk?jk=9e016c220eb40498&fccid=0cdd855568d32f57&vjs=3
인텔코리아,서울,JR0192526 SW engineer intern의 전체 세부 정보,https://kr.indeed.com/rc/clk?jk=83f4939522ffaa68&fccid=ded06d6a6799d929&vjs=3
카이어,서울 서초구,Machine Learning R&D 연구원의 전체 세부 정보,https://kr.indeed.com/rc/clk?jk=19da3484bd7a72f1&fccid=908ef26c4dd7595f&vjs=3
현대자동차그룹,서울 강남구,[TaaS] Data Scientist[연구원  책임연구원]의 전체 세부 정보,https://kr.indeed.com/rc/clk?jk=67b03ffab1c536ba&fccid=980d6ecc399a3373&vjs=3
Dunamu,서울,파이썬 백엔드 엔지니어(Python Backend Engineer)의 전체 세부 정보,https://kr.indeed.com/rc/clk?jk=272637ad170fe32c&fccid=54c9c086b03b7cdc&vjs=3
현대자동차그룹,서울 양재역,[ICT] Data Engineering[책임매니저(G3)]의 전체 세부 정보,https://kr.indeed.com/rc/clk?jk=2227849edfa12196&fccid=980d6ecc399a3373&vjs=3
루닛,서울 강남구,(Seoul) Research Scientist · Lunit SCOPE - 전문연 가능의 전체 세부 정보,https://kr.indeed.com/rc/clk?jk=6e082552a85c98a2&fccid=6d18d2033ad0f4df&vjs=3
아주대학교,수원 영통구,AJOU KIURI Bio-AI 센터 학생연구원의 전체 세부 정보,https://kr.indeed.com/rc/clk?jk=7f517b7b1b8d1bd5&fccid=3b1e77596c7c0ec1&vjs=3
안랩,성남 분당구,Software QA Engineer의 전체 세부 정보,https://kr.indeed.com/rc/clk?jk=76f17497b471dc63&fccid=0b88b2af6686dd2b&vjs=3
라피플코리아리미티드,서울,국내 대기업 - 고객 데이터분석 포지션의 전체 세부 정보,https://kr.indeed.com/rc/clk?jk=75c348600e4ba140&fccid=28f5722fca6f5b12&vjs=3
비에이코리아,서울,[비에이코리아 주식회사] 데이터분석가(Business Data Analyst) 신입/경력의 전체 세부 정보,https://kr.indeed.com/rc/clk?jk=1dc91764525277cc&fccid=4c13ec332a36c73a&vjs=3
위시켓,서울 강남구,위시켓과 함께할 서버개발자님의 전체 세부 정보,https://kr.indeed.com/rc/clk?jk=a3a65a4d59061430&fccid=533c91503ff32d48&vjs=3
데이터비,서울 마포구,백엔드 엔지니어 (Python) 정규직의 전체 세부 정보,https://kr.indeed.com/rc/clk?jk=79d696388d32d3ff&fccid=dd6f5fd8e8c02e7e&vjs=3
데브시스터즈,서울 강남구,[데브시스터즈] Data Analyst의 전체 세부 정보,https://kr.indeed.com/rc/clk?jk=6b53335986238646&fccid=58a9a803698a0afd&vjs=3
Toss,서울,Data Scientist의 전체 세부 정보,https://kr.indeed.com/rc/clk?jk=9cb8324539546a71&fccid=18c4935c8ec646d5&vjs=3
네피리티,서울 서초구,데이터 분석 및 모델 개발 (신입/경력)의 전체 세부 정보,https://kr.indeed.com/rc/clk?jk=b8022a40b5d69f0f&fccid=c19d960df8608057&vjs=3
Google,서울,2023 Software Engineering Intern  People with Disabilities (장애인 채용)의 전체 세부 정보,https://kr.indeed.com/rc/clk?jk=ed7b7e6eb72ffab8&fccid=a5b4499d9e91a5c6&vjs=3
코그넷나인,서울 서초구,AI 연구 MLOps의 전체 세부 정보,https://kr.indeed.com/rc/clk?jk=36ae5f764253d121&fccid=015d2bad6d9df969&vjs=3
(주)바이오에이아이,서울,[인공지능개발] AI Developer를 모십니다.의 전체 세부 정보,https://kr.indeed.com/rc/clk?cmp=(%EC%A3%BC)%EB%B0%94%EC%9D%B4%EC%98%A4%EC%97%90%EC%9D%B4%EC%95%84%EC%9D%B4&ti=%5B%EC%9D%B8%EA%B3%B5%EC%A7%80%EB%8A%A5%EA%B0%9C%EB%B0%9C%5D+Ai+Developer%EB%A5%BC+%EB%AA%A8%EC%8B%AD%EB%8B%88%EB%8B%A4.&jk=393d36ead0df8531&fccid=2bf1cac26c8a5833&vjs=3
한화그룹,서울,2023년 한화시스템 석/박사 신입 및 경력 채용 (SW분야)의 전체 세부 정보,https://kr.indeed.com/rc/clk?jk=540ce8adcf30a84b&fccid=bd0dc1817223394f&vjs=3
NHN Enterprise,성남 판교역,클라우드 플랫폼 운영 엔지니어의 전체 세부 정보,https://kr.indeed.com/rc/clk?jk=40e20a58af1e44ee&fccid=cc378bd7bc831eca&vjs=3
에바,성남 수정구,자율 주행  로봇 SW 개발자의 전체 세부 정보,https://kr.indeed.com/rc/clk?jk=e30fe92d72ceb17c&fccid=5cc87f5890bd7170&vjs=3
Riiid Labs,서울,Research Scientist의 전체 세부 정보,https://kr.indeed.com/rc/clk?jk=3d794e5c45b53dd1&fccid=933989f3b0ffe928&vjs=3
애이마,서울 서대문구,AI 프로그램 개발자의 전체 세부 정보,https://kr.indeed.com/rc/clk?jk=efc2f1917c2df05a&fccid=7c04abbab932618e&vjs=3
Logistics Management Institute,서울,Data Scientist의 전체 세부 정보,https://kr.indeed.com/rc/clk?jk=ffcab40699b79c6b&fccid=12626f295bf6a003&vjs=3
블록스퀘어서울,서울 서초구,웹개발자 백엔드&서버개발(HTML·DHTML·mHTML  JAVA 외) 신입/경력 정규직의 전체 세부 정보,https://kr.indeed.com/rc/clk?jk=1eeb4f006adf13ba&fccid=72348558bd9456ba&vjs=3
경연파트너스,서울 용산구,대기업계열 모빌리티 데이터 분석 모델 개발 (신입/경력)의 전체 세부 정보,https://kr.indeed.com/rc/clk?jk=fc4ce8e7031b4ab0&fccid=0f76eb1d9acd6c10&vjs=3
이마고웍스,서울 강남구,AI R&D (Research and Development) Engineer (전문연구요원 가능)의 전체 세부 정보,https://kr.indeed.com/rc/clk?jk=56d3950c0672dfe1&fccid=1c5712d7c48c7685&vjs=3
해커스,서울 강남구,데이터 분석 및 기획의 전체 세부 정보,https://kr.indeed.com/rc/clk?jk=94cd49149171fd46&fccid=9fcc8dc27a170fd3&vjs=3
모빌린트,서울 강남구,[] Software Engineer의 전체 세부 정보,https://kr.indeed.com/rc/clk?jk=7951a96de00b3c6c&fccid=53b5b88225bcdcea&vjs=3
Nexon,경기도 성남,[인텔리전스랩스] 데이터 분석가 (UX/게임 경험 분석)의 전체 세부 정보,https://kr.indeed.com/rc/clk?jk=22bff5e7e50a5043&fccid=aba87288e4cc3687&vjs=3
Riiid Labs,서울,상시지원 (AI & ML Engineer)의 전체 세부 정보,https://kr.indeed.com/rc/clk?jk=52f5974359383a74&fccid=933989f3b0ffe928&vjs=3
메디픽셀,서울 마포구,[전문연구요원] 의료영상 리서치 엔지니어 정규직의 전체 세부 정보,https://kr.indeed.com/rc/clk?jk=3544467a7b64376f&fccid=aba88c202493b8a5&vjs=3
Coupang,서울,Staff  Data Scientist (S&OP)의 전체 세부 정보,https://kr.indeed.com/rc/clk?jk=533f6ee06084f86f&fccid=56e12959d04ef145&vjs=3
데브시스터즈,서울 강남구,[데브시스터즈] DevOps Engineer (신입)의 전체 세부 정보,https://kr.indeed.com/rc/clk?jk=3058f7280a2e6644&fccid=58a9a803698a0afd&vjs=3
퍼즐시스템즈,서울 영등포구,Python 기반의 RPA 개발자의 전체 세부 정보,https://kr.indeed.com/rc/clk?jk=16462286c62548ee&fccid=594f27abe353fd79&vjs=3
KRAFTON,서울,[AI] AI Artist (경력 무관)의 전체 세부 정보,https://kr.indeed.com/rc/clk?jk=23d0a50d18645351&fccid=71c5bb3a87fe9ecf&vjs=3
사이냅소프트,서울 강서구,[홈페이지지원] 2023년 신입·경력 중의 전체 세부 정보,https://kr.indeed.com/rc/clk?jk=c0cd7991573c901d&fccid=0673ca84bc014599&vjs=3
Chanel,서울,Data Custodian의 전체 세부 정보,https://kr.indeed.com/rc/clk?jk=02d5c6b415d8b33e&fccid=20f48cf7726b0510&vjs=3
나스미디어,서울 강남구,[nasmedia] 2023년 6월 nasmedia의 전체 세부 정보,https://kr.indeed.com/rc/clk?jk=9cb2d20994345cee&fccid=ffeb1fa02eefd475&vjs=3
(주)스마트모빌러티 관심기업,서울 휘경동,Python 분석 인원 정규직 채용의 전체 세부 정보,https://kr.indeed.com/rc/clk?jk=5e761f105a377ae8&fccid=307824036b9dcb17&vjs=3
KB데이타시스템,서울 마포구,[금융SM] 그룹공동 마이데이터 분석플랫폼(수집적재/분석모델) Tech 경력 정규의 전체 세부 정보,https://kr.indeed.com/rc/clk?jk=6f6c89b643f60328&fccid=fe227fbd2afb9580&vjs=3
한화그룹,서울,M&S 분야 경력사원 모집(상시채용)의 전체 세부 정보,https://kr.indeed.com/rc/clk?jk=9bb7fdf3c7592e32&fccid=bd0dc1817223394f&vjs=3
WorldQuant,서울,Quantitative Researcher의 전체 세부 정보,https://kr.indeed.com/rc/clk?jk=348a65ecf46497d8&fccid=08487f979320ebae&vjs=3
주식회사 올라핀테크 관심기업,서울 논현동,[올라핀테크] 핀테크 플랫폼 Python(파이썬) 개발자의 전체 세부 정보,https://kr.indeed.com/rc/clk?jk=83afc0063130f3f2&fccid=ee9199e84b45d22f&vjs=3
Coupang,서울,Opportunistic Hire - Data Science의 전체 세부 정보,https://kr.indeed.com/rc/clk?jk=babe42f36d67ed9f&fccid=56e12959d04ef145&vjs=3
현대자동차그룹,성남 판교역,[선행기술원] AI Data Scientist[책임연구원]의 전체 세부 정보,https://kr.indeed.com/rc/clk?jk=227799b436907962&fccid=980d6ecc399a3373&vjs=3
파인트리파트너스 주식회사 관심기업,서울 도화동,SQL  Python 기반 Data Engineer(경력직) 채용의 전체 세부 정보,https://kr.indeed.com/rc/clk?jk=1720b452301b54aa&fccid=4c458be029af0a85&vjs=3
인이지,서울 서초구,[INEEJI] (주)인이지 AI연구소 개발자의 전체 세부 정보,https://kr.indeed.com/rc/clk?jk=46b5019dbeaa4efb&fccid=8a0714879bbe4b76&vjs=3
Toss,서울,System Engineer의 전체 세부 정보,https://kr.indeed.com/rc/clk?jk=a2ef9a233d991365&fccid=18c4935c8ec646d5&vjs=3
KRAFTON,서울,[AI] Deep Learning Engineer - Data Centric AI (1년 ~ 3년)의 전체 세부 정보,https://kr.indeed.com/rc/clk?jk=ac7033d4bb21f53c&fccid=71c5bb3a87fe9ecf&vjs=3
블록투리얼,서울 강남구,가상자산 리서치 및 평가업무의 전체 세부 정보,https://kr.indeed.com/rc/clk?jk=6fd71d498febb72f&fccid=a0245242cd542697&vjs=3
매스프레소,서울 강남구,Backend Engineer의 전체 세부 정보,https://kr.indeed.com/rc/clk?jk=fbb97049004b3b8a&fccid=aeb7f76b1c820ae7&vjs=3
자이언트스텝,서울 강남구,AI 연구원의 전체 세부 정보,https://kr.indeed.com/rc/clk?jk=d103b42a1f428360&fccid=d9feddeccf39e847&vjs=3
코인챗,서울 강남구,웹개발  백엔드 외 신입/경력 정규직의 전체 세부 정보,https://kr.indeed.com/rc/clk?jk=e3f3b7e2103d9bc7&fccid=e60f835b4d91f8e6&vjs=3
비즈비,서울 강남구,데이터 시각화 신입 및 경력 컨설턴트의 전체 세부 정보,https://kr.indeed.com/rc/clk?jk=16ee5b8170f8b261&fccid=22e2d95ef01e1218&vjs=3
퀘스트글로벌코리아,서울 강남구,[퀘스트글로벌코리아] C++개발자 (재택근무 가능)의 전체 세부 정보,https://kr.indeed.com/rc/clk?jk=29bdf5f6c38942ff&fccid=91cfe3863000cfc6&vjs=3
원빔그룹,서울 마포구,원빔 개발인력 (BIM  C#  C++  Python  API)의 전체 세부 정보,https://kr.indeed.com/rc/clk?jk=6a0c7000b3b780f0&fccid=395d336f621e0a24&vjs=3
Nexon,경기도 성남,[인텔리전스랩스] 유저 동향 분석 시스템 엔지니어 (Python/React)의 전체 세부 정보,https://kr.indeed.com/rc/clk?jk=bd447737a4f1e075&fccid=aba87288e4cc3687&vjs=3
파이프트리스마트팜,서울 송파구,데이터 분석가의 전체 세부 정보,https://kr.indeed.com/rc/clk?jk=d49618d656468d9b&fccid=91264d1b241643c2&vjs=3
한국정보기술단,서울 강남구,데이터표준품질부문 경력직 (정규직)의 전체 세부 정보,https://kr.indeed.com/rc/clk?jk=2dab915188811f21&fccid=99925e8e7b9604cc&vjs=3
모빌린트,서울 강남구,[] NPU Compiler Engineer의 전체 세부 정보,https://kr.indeed.com/rc/clk?jk=3836c32d8a319284&fccid=53b5b88225bcdcea&vjs=3
쉬모스랩,서울 강남구,인공지능(AI)  머신러닝(ML) 외 경력의 전체 세부 정보,https://kr.indeed.com/rc/clk?jk=6dab9c1fdc2c4374&fccid=b48377719ace2e16&vjs=3
유어사이드,서울 서초구,윈도우개발 경력직(3년이상) / 의료인공지능 솔루션업체의 전체 세부 정보,https://kr.indeed.com/rc/clk?jk=a986ab036f196669&fccid=7fbfdab84162f4af&vjs=3
코어라인소프트,서울 마포구,[코어라인소프트] 3D 솔루션 개발자 찾습니다.의 전체 세부 정보,https://kr.indeed.com/rc/clk?jk=6ab5ef5f0b639c1e&fccid=af283ee927a56dfc&vjs=3
웨이브릿지,서울 영등포구,WaveBridge BackEnd Developer 경력직의 전체 세부 정보,https://kr.indeed.com/rc/clk?jk=ea7a7ab6e15151c1&fccid=ec1b6a3ffad8f995&vjs=3
Lemon.io,Latin America Only/Europe Only/UK Only/Canada Only,Full-stack Python Developer ,https://weworkremotely.com/remote-jobs/lemon-io-full-stack-python-developer-1
OpenCraft,Anywhere in the World,Senior Open Source Developer & DevOps (Python  Django  React  AWS/OpenStack),https://weworkremotely.com/remote-jobs/opencraft-senior-open-source-developer-devops-python-django-react-aws-openstack
Close,USA Only,Senior/Staff Software Engineer - Backend/Python - USA (100% Remote),https://weworkremotely.com/remote-jobs/close-senior-staff-software-engineer-backend-python-usa-100-remote
Proxify AB,Latin America Only/Europe Only/EMEA Only,Senior Backend Python Engineer: Long-term job - 100% remote,https://weworkremotely.com/remote-jobs/proxify-ab-senior-backend-python-engineer-long-term-job-100-remote
